INSERT INTO F00A001 ( F00ACODNUM, F00ADESCRI, F00AABREVI, F00ANUMERO,F00AUSRLCK ) VALUES (
'NENT', 'NUMERADOR DE ENTRADAS                   ', 'ENTRADAS  ', 0,'      ');
INSERT INTO F00A001 ( F00ACODNUM, F00ADESCRI, F00AABREVI, F00ANUMERO,F00AUSRLCK ) VALUES (
'NFAC', 'NUMERADOR DE FACTURAS                   ', 'FACTURAS  ', 0,'      ');
INSERT INTO F00A001 ( F00ACODNUM, F00ADESCRI, F00AABREVI, F00ANUMERO,F00AUSRLCK ) VALUES (
'NHRU', 'HOJAS DE RUTA                           ', 'H. R.     ', 0,'      ');
INSERT INTO F00A001 ( F00ACODNUM, F00ADESCRI, F00AABREVI, F00ANUMERO,F00AUSRLCK ) VALUES (
'NINV', 'Nº DE INVENTARIO                        ', 'INVENT    ', 0,'      ');
INSERT INTO F00A001 ( F00ACODNUM, F00ADESCRI, F00AABREVI, F00ANUMERO,F00AUSRLCK ) VALUES (
'NLST', 'LISTAS DE PREPARACION                   ', 'LISTAS P  ', 0,'      ');
INSERT INTO F00A001 ( F00ACODNUM, F00ADESCRI, F00AABREVI, F00ANUMERO,F00AUSRLCK ) VALUES (
'NMAC', 'NUMEROS DE MAC                          ', 'MACS      ', 0,'      ');
INSERT INTO F00A001 ( F00ACODNUM, F00ADESCRI, F00AABREVI, F00ANUMERO,F00AUSRLCK ) VALUES (
'NMHM', 'HISTORICO DE MOVIMIENTOS                ', 'MVTOS.    ', 0,'      ');
INSERT INTO F00A001 ( F00ACODNUM, F00ADESCRI, F00AABREVI, F00ANUMERO,F00AUSRLCK ) VALUES (
'NMMP', 'NUMERACION MPS                          ', 'MPS       ', 0,'      ');
INSERT INTO F00A001 ( F00ACODNUM, F00ADESCRI, F00AABREVI, F00ANUMERO,F00AUSRLCK ) VALUES (
'NMOV', 'NUMERADOR DE MOVIMIENTOS                ', 'MOVS      ', 0,'      ');
INSERT INTO F00A001 ( F00ACODNUM, F00ADESCRI, F00AABREVI, F00ANUMERO,F00AUSRLCK ) VALUES (
'NPAL', 'NUMEROS DE PALET                        ', 'PALETS    ', 0,'      ');
INSERT INTO F00A001 ( F00ACODNUM, F00ADESCRI, F00AABREVI, F00ANUMERO,F00AUSRLCK ) VALUES (
'NTRP', 'TRASPASOS                               ', 'TRASPASOS ', 0,'      ');
INSERT INTO F00A001 ( F00ACODNUM, F00ADESCRI, F00AABREVI, F00ANUMERO,F00AUSRLCK ) VALUES (
'NTRM', 'Numerador Traspaso Movimientos          ', 'Nº TRM    ', 0,'      ');
INSERT INTO F00A001 ( F00ACODNUM, F00ADESCRI, F00AABREVI, F00ANUMERO,F00AUSRLCK ) VALUES (
'NALB', 'NUMERADOR DE ALBARANES                  ', 'ALBARANES ', 0,'      ');
INSERT INTO F00A001 ( F00ACODNUM, F00ADESCRI, F00AABREVI, F00ANUMERO,F00AUSRLCK ) VALUES (
'NDEV', 'DEVOLUCIONES CLIENTES                   ', 'DEV CLI   ', 0,'      ');
INSERT INTO F00A001 ( F00ACODNUM, F00ADESCRI, F00AABREVI, F00ANUMERO,F00AUSRLCK ) VALUES (
'NDOC', 'NUMERADOR DE DOCUMENTOS                 ', 'DOCUM     ', 0,'      ');
INSERT INTO F00A001 ( F00ACODNUM, F00ADESCRI, F00AABREVI, F00ANUMERO,F00AUSRLCK ) VALUES (
'NROW', 'IDENTIFICADOR UNICO DE REGISTRO         ', 'IDRECORD  ', 0,'      ');
INSERT INTO F00A001 ( F00ACODNUM, F00ADESCRI, F00AABREVI, F00ANUMERO,F00AUSRLCK ) VALUES (
'NMOC', 'IDENTIFICADOR UNICO DE OCUPACIONES      ', 'IDOC      ', 0,'      ');
INSERT INTO F00A001 ( F00ACODNUM, F00ADESCRI, F00AABREVI, F00ANUMERO,F00AUSRLCK ) VALUES (
'NDOC', 'NUMERADOR DE DOCUMENTOS                 ', 'DOCUM     ', 0,'      ');
INSERT INTO F00A001 ( F00ACODNUM, F00ADESCRI, F00AABREVI, F00ANUMERO,F00AUSRLCK ) VALUES (
'NPAR', 'NUMERADOR DE PARTES DE MONTAJE          ', 'PARTES    ', 0,'      ');
INSERT INTO F00A001 ( F00ACODNUM, F00ADESCRI, F00AABREVI, F00ANUMERO,F00AUSRLCK ) VALUES (
'NLCC', 'NUMERADOR DE LISTAS DE CARGA            ', 'LISTAS    ', 0,'      ');

INSERT INTO F00B001 ( F00BCODMOV, F00BDESCRI, F00BABREVI, F00BENTSAL ) VALUES (
'1000', 'ENTRADA DE MATERIAL                     ', 'ENTR      ', 'E');
INSERT INTO F00B001 ( F00BCODMOV, F00BDESCRI, F00BABREVI, F00BENTSAL ) VALUES (
'1100', 'ENTRADA MANUAL                          ', 'ENTMAN    ', 'E');INSERT INTO F00B001 ( F00BCODMOV, F00BDESCRI, F00BABREVI, F00BENTSAL ) VALUES (
'1850', 'ENTRADA POR CAMBIO DE CóDIGO', 'EPCDC     ', 'E');
INSERT INTO F00B001 ( F00BCODMOV, F00BDESCRI, F00BABREVI, F00BENTSAL ) VALUES (
'2000', 'SALIDA DE MATERIAL                 ', 'SALM      ', 'S');
INSERT INTO F00B001 ( F00BCODMOV, F00BDESCRI, F00BABREVI, F00BENTSAL ) VALUES (
'2100', 'SALIDA MANUAL', 'SPROP     ', 'S');
INSERT INTO F00B001 ( F00BCODMOV, F00BDESCRI, F00BABREVI, F00BENTSAL ) VALUES (
'2850', 'SALIDA POR CAMBIO DE CóDIGO', 'SPCDC     ', 'S');
INSERT INTO F00B001 ( F00BCODMOV, F00BDESCRI, F00BABREVI, F00BENTSAL ) VALUES (
'2998', 'CONSOLIDACION                           ', 'CONSOL    ', 'S');
INSERT INTO F00B001 ( F00BCODMOV, F00BDESCRI, F00BABREVI, F00BENTSAL ) VALUES (
'2999', 'EXPEDICION                              ', 'EXPEDICION', 'S');

INSERT INTO F00B001 ( F00BCODMOV, F00BDESCRI, F00BABREVI, F00BENTSAL ) VALUES (
'3060', 'ENTRADA DESTINO UNIDADES', 'ENTUNI', 'E');
INSERT INTO F00B001 ( F00BCODMOV, F00BDESCRI, F00BABREVI, F00BENTSAL ) VALUES (
'3070', 'ENTRADA DESTINO CAJAS', 'ENTCAJ', 'E');
INSERT INTO F00B001 ( F00BCODMOV, F00BDESCRI, F00BABREVI, F00BENTSAL ) VALUES (
'3080', 'ENTRADA DESTINO GRUPOS', 'ENTRGRU', 'E');
INSERT INTO F00B001 ( F00BCODMOV, F00BDESCRI, F00BABREVI, F00BENTSAL ) VALUES (
'3000', 'ENTRADA EN UBICACIóN DESTINO', 'ENTRD     ', 'E');
INSERT INTO F00B001 ( F00BCODMOV, F00BDESCRI, F00BABREVI, F00BENTSAL ) VALUES (
'3100', 'ENTRADA EN UBICACIóN DESTINO', 'ENTRD     ', 'E');
INSERT INTO F00B001 ( F00BCODMOV, F00BDESCRI, F00BABREVI, F00BENTSAL ) VALUES (
'3400', 'CAMBIO SITUACION DE STOCK ', 'ENTDES', 'E');

INSERT INTO F00B001 ( F00BCODMOV, F00BDESCRI, F00BABREVI, F00BENTSAL ) VALUES (
'3560', 'SALIDA ORIGEN UNIDADES', 'SALUNI', 'S');
INSERT INTO F00B001 ( F00BCODMOV, F00BDESCRI, F00BABREVI, F00BENTSAL ) VALUES (
'3570', 'SALIDA ORIGEN CAJAS', 'SALCAJ', 'S');
INSERT INTO F00B001 ( F00BCODMOV, F00BDESCRI, F00BABREVI, F00BENTSAL ) VALUES (
'3580', 'SALIDA ORIGEN GRUPOS', 'SALGRU', 'S');
INSERT INTO F00B001 ( F00BCODMOV, F00BDESCRI, F00BABREVI, F00BENTSAL ) VALUES (
'3500', 'SALIDA DE UBICACIÓN ORIGEN', 'SALORI', 'S');
INSERT INTO F00B001 ( F00BCODMOV, F00BDESCRI, F00BABREVI, F00BENTSAL ) VALUES (
'3600', 'SALIDA DE UBICACIÓN ORIGEN', 'SALORI', 'S');
INSERT INTO F00B001 ( F00BCODMOV, F00BDESCRI, F00BABREVI, F00BENTSAL ) VALUES (
'3900', 'CAMBIO SITUACION DE STOCK ', 'SALORI', 'S');

INSERT INTO F00B001 ( F00BCODMOV, F00BDESCRI, F00BABREVI, F00BENTSAL ) VALUES (
'3660', 'TRASPASO TALLER SALIDA                  ', 'TRAS.T.SAL', 'S');
INSERT INTO F00B001 ( F00BCODMOV, F00BDESCRI, F00BABREVI, F00BENTSAL ) VALUES (
'3661', 'TRASPASO TALLER ENTRADA                 ', 'TRAS.T.ENT', 'E');


INSERT INTO F00B001 ( F00BCODMOV, F00BDESCRI, F00BABREVI, F00BENTSAL ) VALUES (
'4000', 'ENTRADA INVENTARIO', 'ENTINV', 'E');
INSERT INTO F00B001 ( F00BCODMOV, F00BDESCRI, F00BABREVI, F00BENTSAL ) VALUES (
'4500', 'SALIDA INVENTARIO', 'SALINV', 'S');

INSERT INTO F00C001 ( F00CCODSTK, F00CDESCRI, F00CABREVI, F00CENTSAL ) VALUES (
'0500', 'STOCK MINIMO                            ', 'STKMIN    ', 'E');
INSERT INTO F00C001 ( F00CCODSTK, F00CDESCRI, F00CABREVI, F00CENTSAL ) VALUES (
'1000', 'STOCK DISPONIBLE                        ', 'STKDIS    ', 'E');
INSERT INTO F00C001 ( F00CCODSTK, F00CDESCRI, F00CABREVI, F00CENTSAL ) VALUES (
'2000', 'STOCK RESERVADO                         ', 'STKRES    ', 'E');
INSERT INTO F00C001 ( F00CCODSTK, F00CDESCRI, F00CABREVI, F00CENTSAL ) VALUES (
'5000', 'STOCK PENDIENTE DE ENTRAR', 'PENENT', 'S');
INSERT INTO F00C001 ( F00CCODSTK, F00CDESCRI, F00CABREVI, F00CENTSAL ) VALUES (
'7000', 'STOCK PENDIENTE DE SERVIR (DOCUMENTOS)', 'PENSER', 'S');
INSERT INTO F00C001 ( F00CCODSTK, F00CDESCRI, F00CABREVI, F00CENTSAL ) VALUES (
'8000', 'CONTROL DE CALIDAD                      ', 'CALIDAD   ', 'S');
INSERT INTO F00C001 ( F00CCODSTK, F00CDESCRI, F00CABREVI, F00CENTSAL ) VALUES (
'6000', 'TRANSITO', 'PDT REC   ', 'E');
INSERT INTO F00C001 ( F00CCODSTK, F00CDESCRI, F00CABREVI, F00CENTSAL ) VALUES (
'9000', 'DEFECTUOSO                              ', 'DEFECTUOSO', 'S');

INSERT INTO F00D001 ( F00DCODMAG, F00DDESCRI, F00DABREVI ) VALUES (
'C', 'ALMACENAJE CONVENCIONAL                 ', 'Convenc   ');
INSERT INTO F00D001 ( F00DCODMAG, F00DDESCRI, F00DABREVI ) VALUES (
'P', 'ALMACENAJE COMPACTO                     ', 'Compacto  ');
INSERT INTO F00D001 ( F00DCODMAG, F00DDESCRI, F00DABREVI ) VALUES (
'M', 'ALMACENAJE MASIVO                       ', 'Masivo    ');

INSERT INTO F00E001 ( F00ETIPPRO, F00EDESCRI, F00EABREVI, F00ECODEST )
 VALUES ('GENE', 'TIPO DE PRODUCTO GENERICO', 'TIPGEN', '    ');

INSERT INTO F00F001 ( F00FTAMPAL, F00FDESCRI, F00FABREVI ) VALUES (
'1000', 'Europalet                               ', 'Euro      ');

INSERT INTO F00H001 ( F00HCODUNI, F00HDESCRI, F00HABREVI ) VALUES (
'UNI ', 'UNIDADES', 'UNIDADES');

INSERT INTO F00I001 ( F00ITIPENT, F00IDESCRI, F00IABREVI ) VALUES (
'PROP', 'PROPIETARIO', 'PROP');
INSERT INTO F00I001 ( F00ITIPENT, F00IDESCRI, F00IABREVI ) VALUES (
'CLIE', 'CLIENTE', 'CLIE');
INSERT INTO F00I001 ( F00ITIPENT, F00IDESCRI, F00IABREVI ) VALUES (
'TRAN', 'TRANSPORTISTAS', 'TRANS');
INSERT INTO F00I001 ( F00ITIPENT, F00IDESCRI, F00IABREVI ) VALUES (
'PROV', 'PROVEEDORES   ', 'PROV ');

INSERT INTO F00J001 ( F00JCODPRV, F00JDESCRI, F00JABREVI ) VALUES (
'0008', 'BARCELONA                               ', 'BARCELONA ');
INSERT INTO F00J001 ( F00JCODPRV, F00JDESCRI, F00JABREVI ) VALUES (
'0028', 'MADRID                                  ', 'MADRID    ');
INSERT INTO F00J001 ( F00JCODPRV, F00JDESCRI, F00JABREVI ) VALUES (
'0045', 'TOLEDO                                  ', '          ');
INSERT INTO F00J001 ( F00JCODPRV, F00JDESCRI, F00JABREVI ) VALUES (
'0011', 'CADIZ                                   ', '          ');
INSERT INTO F00J001 ( F00JCODPRV, F00JDESCRI, F00JABREVI ) VALUES (
'0050', 'ZARAGOZA                                ', '          ');
INSERT INTO F00J001 ( F00JCODPRV, F00JDESCRI, F00JABREVI ) VALUES (
'0003', 'ALICANTE                                ', '          ');
INSERT INTO F00J001 ( F00JCODPRV, F00JDESCRI, F00JABREVI ) VALUES (
'0046', 'VALENCIA                                ', '          ');
INSERT INTO F00J001 ( F00JCODPRV, F00JDESCRI, F00JABREVI ) VALUES (
'0033', 'OVIEDO                                  ', '          ');
INSERT INTO F00J001 ( F00JCODPRV, F00JDESCRI, F00JABREVI ) VALUES (
'0029', 'MALAGA                                  ', '          ');
INSERT INTO F00J001 ( F00JCODPRV, F00JDESCRI, F00JABREVI ) VALUES (
'0040', 'SEGOVIA                                 ', '          ');
INSERT INTO F00J001 ( F00JCODPRV, F00JDESCRI, F00JABREVI ) VALUES (
'0017', 'GERONA                                  ', '          ');
INSERT INTO F00J001 ( F00JCODPRV, F00JDESCRI, F00JABREVI ) VALUES (
'0031', 'NAVARRA                                 ', '          ');
INSERT INTO F00J001 ( F00JCODPRV, F00JDESCRI, F00JABREVI ) VALUES (
'0041', 'SEVILLA                                 ', '          ');
INSERT INTO F00J001 ( F00JCODPRV, F00JDESCRI, F00JABREVI ) VALUES (
'0048', 'VIZCAYA                                 ', '          ');
INSERT INTO F00J001 ( F00JCODPRV, F00JDESCRI, F00JABREVI ) VALUES (
'0012', 'CASTELLON                               ', '          ');
INSERT INTO F00J001 ( F00JCODPRV, F00JDESCRI, F00JABREVI ) VALUES (
'0020', 'GUIPUZCOA                               ', '          ');
INSERT INTO F00J001 ( F00JCODPRV, F00JDESCRI, F00JABREVI ) VALUES (
'0018', 'GRANADA                                 ', '          ');
INSERT INTO F00J001 ( F00JCODPRV, F00JDESCRI, F00JABREVI ) VALUES (
'0039', 'SANTANDER                               ', '          ');
INSERT INTO F00J001 ( F00JCODPRV, F00JDESCRI, F00JABREVI ) VALUES (
'0009', 'BURGOS                                  ', '          ');
INSERT INTO F00J001 ( F00JCODPRV, F00JDESCRI, F00JABREVI ) VALUES (
'0036', 'PONTEVEDRA                              ', '          ');
INSERT INTO F00J001 ( F00JCODPRV, F00JDESCRI, F00JABREVI ) VALUES (
'0025', 'LERIDA                                  ', '          ');
INSERT INTO F00J001 ( F00JCODPRV, F00JDESCRI, F00JABREVI ) VALUES (
'0043', 'TARRAGONA                               ', '          ');
INSERT INTO F00J001 ( F00JCODPRV, F00JDESCRI, F00JABREVI ) VALUES (
'0014', 'CORDOBA                                 ', '          ');
INSERT INTO F00J001 ( F00JCODPRV, F00JDESCRI, F00JABREVI ) VALUES (
'0004', 'ALMERIA                                 ', '          ');
INSERT INTO F00J001 ( F00JCODPRV, F00JDESCRI, F00JABREVI ) VALUES (
'0015', 'LA CORUÑA                               ', '          ');
INSERT INTO F00J001 ( F00JCODPRV, F00JDESCRI, F00JABREVI ) VALUES (
'0024', 'LEON                                    ', '          ');
INSERT INTO F00J001 ( F00JCODPRV, F00JDESCRI, F00JABREVI ) VALUES (
'0013', 'CIUDAD REAL                             ', '          ');
INSERT INTO F00J001 ( F00JCODPRV, F00JDESCRI, F00JABREVI ) VALUES (
'0037', 'SALAMANCA                               ', '          ');
INSERT INTO F00J001 ( F00JCODPRV, F00JDESCRI, F00JABREVI ) VALUES (
'0002', 'ALBACETE                                ', '          ');
INSERT INTO F00J001 ( F00JCODPRV, F00JDESCRI, F00JABREVI ) VALUES (
'0030', 'MURCIA                                  ', '          ');
INSERT INTO F00J001 ( F00JCODPRV, F00JDESCRI, F00JABREVI ) VALUES (
'0035', 'LAS PALMAS                              ', '          ');
INSERT INTO F00J001 ( F00JCODPRV, F00JDESCRI, F00JABREVI ) VALUES (
'0047', 'VALLADOLID                              ', '          ');
INSERT INTO F00J001 ( F00JCODPRV, F00JDESCRI, F00JABREVI ) VALUES (
'0010', 'CACERES                                 ', '          ');
INSERT INTO F00J001 ( F00JCODPRV, F00JDESCRI, F00JABREVI ) VALUES (
'0006', 'BADAJOZ                                 ', '          ');
INSERT INTO F00J001 ( F00JCODPRV, F00JDESCRI, F00JABREVI ) VALUES (
'0001', 'ALAVA                                   ', '          ');
INSERT INTO F00J001 ( F00JCODPRV, F00JDESCRI, F00JABREVI ) VALUES (
'0007', 'PALMA DE MALLORCA                       ', '          ');
INSERT INTO F00J001 ( F00JCODPRV, F00JDESCRI, F00JABREVI ) VALUES (
'0038', 'STA.CRUZ DE TENERIFE                    ', '          ');
INSERT INTO F00J001 ( F00JCODPRV, F00JDESCRI, F00JABREVI ) VALUES (
'0021', 'HUELVA                                  ', '          ');
INSERT INTO F00J001 ( F00JCODPRV, F00JDESCRI, F00JABREVI ) VALUES (
'0032', 'ORENSE                                  ', '          ');
INSERT INTO F00J001 ( F00JCODPRV, F00JDESCRI, F00JABREVI ) VALUES (
'0016', 'CUENCA                                  ', '          ');
INSERT INTO F00J001 ( F00JCODPRV, F00JDESCRI, F00JABREVI ) VALUES (
'0005', 'AVILA                                   ', '          ');
INSERT INTO F00J001 ( F00JCODPRV, F00JDESCRI, F00JABREVI ) VALUES (
'0026', 'LA RIOJA                                ', '          ');
INSERT INTO F00J001 ( F00JCODPRV, F00JDESCRI, F00JABREVI ) VALUES (
'0049', 'ZAMORA                                  ', '          ');
INSERT INTO F00J001 ( F00JCODPRV, F00JDESCRI, F00JABREVI ) VALUES (
'0022', 'HUESCA                                  ', '          ');
INSERT INTO F00J001 ( F00JCODPRV, F00JDESCRI, F00JABREVI ) VALUES (
'0019', 'GUADALAJARA                             ', '          ');
INSERT INTO F00J001 ( F00JCODPRV, F00JDESCRI, F00JABREVI ) VALUES (
'0034', 'PALENCIA                                ', '          ');
INSERT INTO F00J001 ( F00JCODPRV, F00JDESCRI, F00JABREVI ) VALUES (
'0042', 'SORIA                                   ', '          ');
INSERT INTO F00J001 ( F00JCODPRV, F00JDESCRI, F00JABREVI ) VALUES (
'0044', 'TERUEL                                  ', '          ');

INSERT INTO F00K001 ( F00KCODDOC, F00KDESCRI, F00KABREVI, F00KNUMERA ) VALUES (
'1000', 'DOCUMENTOS DE ENTRADA                   ', 'ENTRADA   ', '    ');
INSERT INTO F00K001 ( F00KCODDOC, F00KDESCRI, F00KABREVI, F00KNUMERA ) VALUES (
'2000', 'DOCUMENTOS DE SALIDA                    ', 'SALIDA    ', '    ');

INSERT INTO F00K001 ( F00KCODDOC, F00KDESCRI, F00KABREVI, F00KNUMERA ) VALUES (
'1600', 'PARTES DE TALLER DE ENTRADA             ', 'TALLER ENT', '    ');
INSERT INTO F00K001 ( F00KCODDOC, F00KDESCRI, F00KABREVI, F00KNUMERA ) VALUES (
'2600', 'PARTES DE TALLER DE SALIDA              ', 'TALLER SAL', '    ');

INSERT INTO F00L001 ( F00LCODRUT, F00LDESCRI, F00LABREVI, F00LACTIVO ) VALUES (
'0000', 'RUTA GENERAL', 'GENERAL', 'S');

INSERT INTO F00M001
( F00MCODTAM, F00MDESCRI, F00MABREVI, F00MDIMLAR, F00MDIMANC, F00MDIMALT,
F00MDIMVOL ) VALUES (
'0010', 'EUROPALET                               ',
'EURO      ', 1, 1, 1, 2500);

INSERT INTO F00T001 ( F00TCODCON, F00TDESCRI, F00TABREVI ) VALUES (
'P   ', 'PALETS COMPLETOS', 'PALETS');
INSERT INTO F00T001 ( F00TCODCON, F00TDESCRI, F00TABREVI ) VALUES (
'C   ', 'CAJAS COMPLETAS', 'CAJAS');
INSERT INTO F00T001 ( F00TCODCON, F00TDESCRI, F00TABREVI ) VALUES (
'G   ', 'AGRUPACIONES', 'GRUPOS');
INSERT INTO F00T001 ( F00TCODCON, F00TDESCRI, F00TABREVI ) VALUES (
'U   ', 'BULTOS DE PICKING', 'PICKING');
INSERT INTO F00T001 ( F00TCODCON, F00TDESCRI, F00TABREVI ) VALUES (
'L   ', 'PALETS COMPLETOS FACTORES', 'PALETS');
INSERT INTO F00T001 ( F00TCODCON, F00TDESCRI, F00TABREVI ) VALUES (
'J   ', 'CAJAS COMPLETAS FACTORES', 'CAJAS');
INSERT INTO F00T001 ( F00TCODCON, F00TDESCRI, F00TABREVI ) VALUES (
'N   ', 'BULTOS DE PICKING FACTORES', 'PICKING');

--INSERT INTO F00T001 ( F00TCODCON, F00TDESCRI, F00TABREVI ) VALUES (
--'B  ', 'BULTOS TOTALES ALBARAN', 'BULTOS');
--INSERT INTO F00T001 ( F00TCODCON, F00TDESCRI, F00TABREVI ) VALUES (
--'T   ', 'PALETS TOTALES ALBARAN', 'PALETS');
--INSERT INTO F00T001 ( F00TCODCON, F00TDESCRI, F00TABREVI ) VALUES (
--'S   ', 'CAJAS TOTALES ALBARAN', 'CAJAS');
--INSERT INTO F00T001 ( F00TCODCON, F00TDESCRI, F00TABREVI ) VALUES (
--'D   ', 'BULTOS PICKING ALBARAN', 'PICKING');

INSERT INTO F01C001 (F01CTIPENT,F01CCODIGO,F01CDESCRI,F01CNUMNIF,F01CDIRECC,
 F01CPOBLAC,F01CPROVIN,F01CCODPOS,F01CNUMTEL,F01CNUMFAX,F01CCODRUT,F01CEMMAIL,
 F01CPAGWEB) VALUES ('PROP','000000','PROPIETARIO POR DEFECTO                 ',
 '            ',
 '                                   ',
 '                                   ',
 '    ','     ','             ','             ','    ',
 '                              ',
 '                              ');

INSERT INTO F01C001 (F01CTIPENT,F01CCODIGO,F01CDESCRI,F01CNUMNIF,F01CDIRECC,
 F01CPOBLAC,F01CPROVIN,F01CCODPOS,F01CNUMTEL,F01CNUMFAX,F01CCODRUT,F01CEMMAIL,
 F01CPAGWEB) VALUES ('TRAN','000000','TRANSPORTISTA POR DEFECTO               ',
 '            ',
 '                                   ',
 '                                   ',
 '    ','     ','             ','             ','    ',
 '                              ',
 '                              ');

INSERT INTO F01P001
( F01PCODIGO, F01PDESCRI, F01PNUMNIF, F01PDIRECC, F01PPOBLAC, F01PPROVIN,
F01PCODPOS, F01PNUMTEL, F01PNUMFAX, F01PPAGWEB, F01PEMAIL, F01PLOGO ) VALUES (
'000000', 'PROPIETARIO POR DEFECTO                 ', '            ',
 '                                   '
, '                                   ', '    ', '     ', '             ',
 '             ', '                              ',
 '                              ',
 '                                                            ');

INSERT INTO F01T001 ( F01TCODIGO, F01TDESCRI, F01TNUMNIF, F01TDIRECC,
 F01TPOBLAC, F01TPROVIN,F01TCODPOS, F01TNUMTEL, F01TNUMFAX, F01TCODRUT,
 F01TPTSKMT, F01TPTSKGS, F01TPTSVIS, F01TPTSVOL,F01TEMMAIL, F01TPAGWEB,
 F01TMUELLE ) VALUES (
'000000', 'TRANSPORTISTA GENERAL                   ', '            ',
'                                   ',
'                                   ',
'    ', '     ', '             ',
'             ',
'    ', 0, 0, 0, 0,
'                              ',
'                              ',
'              ');

INSERT INTO F02C001 ( F02CCODALM, F02CDESCRI, F02CCODCEN ) VALUES (
'0001', 'BASE                                ', '    ');

INSERT INTO F03C001 ( F03CCODALM, F03CCODZON, F03CDESCRI ) VALUES (
'0001', 'A ', 'Zona Standard                    ');
INSERT INTO F03C001 ( F03CCODALM, F03CCODZON, F03CDESCRI ) VALUES (
'0001', 'M ', 'Zona Muelle                             ');

INSERT INTO F05C001 ( F05CCODOPE, F05CNOMBRE, F05CABREVI, F05CACTIVO,
F05CPRESEN, F05CCODTER ) VALUES (
'0000', 'OPERARIO GENERAL              ', 'OPEGEN    ', 'N', 'N', 'CONN');

INSERT INTO F05M001 ( F05MCODOPE, F05MTIPMOV, F05MPICKSN, F05MSEL ) VALUES (
'0000', '1000', 'T', 'S');

INSERT INTO F10T001 ( F10TCODNUM, F10TDESCRI, F10TABREVI) VALUES (
'D', 'DINAMICAS', 'DINAMICAS');
INSERT INTO F10T001 ( F10TCODNUM, F10TDESCRI, F10TABREVI) VALUES (
'E', 'EXPEDICION', 'EXPEDICION');
INSERT INTO F10T001 ( F10TCODNUM, F10TDESCRI, F10TABREVI) VALUES (
'I', 'ISLA', 'ISLA');
INSERT INTO F10T001 ( F10TCODNUM, F10TDESCRI, F10TABREVI) VALUES (
'L', 'SILO', 'SILO');
INSERT INTO F10T001 ( F10TCODNUM, F10TDESCRI, F10TABREVI) VALUES (
'M', 'MUELLE', 'MUELLE');
INSERT INTO F10T001 ( F10TCODNUM, F10TDESCRI, F10TABREVI) VALUES (
'N', 'PALET COMPLETO', 'PALET');
INSERT INTO F10T001 ( F10TCODNUM, F10TDESCRI, F10TABREVI) VALUES (
'S', 'PICKING CAJAS', 'CAJAS');
INSERT INTO F10T001 ( F10TCODNUM, F10TDESCRI, F10TABREVI) VALUES (
'G', 'PICKING GRUPOS', 'GRUPOS');
INSERT INTO F10T001 ( F10TCODNUM, F10TDESCRI, F10TABREVI) VALUES (
'U', 'PICKING FRACCIONES', 'UNIDADES');
INSERT INTO F10T001 ( F10TCODNUM, F10TDESCRI, F10TABREVI) VALUES (
'B', 'UBIMAC', 'UBIMAC');

INSERT INTO F11T001 ( F11TTIPPRO, F11TPRIORI, F11TTIPDES ) VALUES (
'GENE', 1, 'GENE');

INSERT INTO F15C001 ( F15CCODPRO, F15CCODART, F15CTIPUBI, F15CPICKIN,
F15CCRIUBI, F15CCOEROT,F15CFORTAM, F15CFORZON, F15CFORUBI, F15CCONAUT,
 F15CDESAUT, F15CETIBUL,F15CETIPAL ) VALUES (
'000000', '             ',
 'A', 'N', 'C', 'S', 'S', 'S', 'S', 'N', 'S', 'S', 'N');

INSERT INTO F25C001 ( F25CCODPRO, F25CCODART, F25CSERPIC, F25CTIPMOV,
 F25CORDEXT, F25CDEJPIC,F25CTIPRES, F25CCONAUT, F25CIMPETI,
F25CTIPPRO, F25CREPLOT, F25CREPCAD,
F25CREPQTY) VALUES ('000000', '             ', 'P', 'M', 'F', 'C', 'D', 'N', 'N', '    ',
   'N', 'N', 'N');

INSERT INTO F34E001 ( F34ECODCON, F34EDESCRI, F34EABREVI, F34EVALREF,
 F34ECAMBIO, F34EFECCAL, F34EBASE ) VALUES (
'EURO', 'EUROS                                   ',
 'EURO      ', 0, 0, '01/01/1992', 'S');

INSERT INTO F34N001 ( F34NCODCON, F34NDESCRI, F34NABREVI, F34NNUMCON ) VALUES (
'ALMA', 'ALMACENAJE                              ', 'ALMA      ', 0);
INSERT INTO F34N001 ( F34NCODCON, F34NDESCRI, F34NABREVI, F34NNUMCON ) VALUES (
'MANU', 'MOVIMIENTOS MANUALES                    ', 'MANUAL    ', 0);

INSERT INTO F34P001 ( F34PCODCON, F34PDESCRI, F34PABREVI ) VALUES (
'VARI', 'VARIOS                                  ', 'VARIOS    ');
INSERT INTO F34P001 ( F34PCODCON, F34PDESCRI, F34PABREVI ) VALUES (
'UNDO', 'DEFECTO                                 ', 'DEFECTO   ');

INSERT INTO F34V001 ( F34VCODCON, F34VDESCRI, F34VABREVI, F34VVALIVA,
F34VVALEQV ) VALUES (
'IVA1', 'IVA 16                                  ', 'IVA16     ', 16, 0);

INSERT INTO C37C001 ( C37CCODCON, C37CDESCRI, C37CABREVI, C37CTRAMSN ) VALUES (
'PALE', 'ACUMULADOS POR TIPO PALET - ENTRADAS    ', 'PALE      ', 'S');
INSERT INTO C37C001 ( C37CCODCON, C37CDESCRI, C37CABREVI, C37CTRAMSN ) VALUES (
'PALS', 'ACUMULADOS POR TIPO PALET - SALIDAS     ', 'PALS      ', 'S');
INSERT INTO C37C001 ( C37CCODCON, C37CDESCRI, C37CABREVI, C37CTRAMSN ) VALUES (
'TPRO', 'ACUMULADOS POR TIPO DE PRODUCTO-ENTRADA ', 'TPRO      ', 'S');
INSERT INTO C37C001 ( C37CCODCON, C37CDESCRI, C37CABREVI, C37CTRAMSN ) VALUES (
'TPRS', 'ACUMULADOS POR TIPO DE PRODUCTO-SALIDA  ', 'TPRS      ', 'S');
INSERT INTO C37C001 ( C37CCODCON, C37CDESCRI, C37CABREVI, C37CTRAMSN ) VALUES (
'DIAP', 'ACUMULADOS POR ESTANCIA DIAS PALET      ', 'DIAP      ', 'S');
INSERT INTO C37C001 ( C37CCODCON, C37CDESCRI, C37CABREVI, C37CTRAMSN ) VALUES (
'OCUP', 'ACUMULADOS POR OCUPACIONES              ', 'OCUP      ', 'N');
INSERT INTO C37C001 ( C37CCODCON, C37CDESCRI, C37CABREVI, C37CTRAMSN ) VALUES (
'DOCU', 'ACUMULADOS POR DOCUMENTOS               ', 'DOCU      ', 'S');
INSERT INTO C37C001 ( C37CCODCON, C37CDESCRI, C37CABREVI, C37CTRAMSN ) VALUES (
'MOVI', 'MOVIMIENTOS DE ALMACÉN                  ', 'MOVI      ', 'N');
INSERT INTO C37C001 ( C37CCODCON, C37CDESCRI, C37CABREVI, C37CTRAMSN ) VALUES (
'MANU', 'MOVIMIENTOS MANUALES                    ', 'MANUAL    ', 'N');
INSERT INTO C37C001 ( C37CCODCON, C37CDESCRI, C37CABREVI, C37CTRAMSN ) VALUES (
'DIRE', 'ACUMULADOS POR CONCEPTOS DIRECTOS       ', 'DIRE      ', 'N');

INSERT INTO C36C001 ( C36CCODCON, C36CDESCRI, C36CABREVI, C36CORIGEN ) VALUES (
'PALE', 'PALETS DE ENTRADA                       ', 'PALE E    ', 'PALE');
INSERT INTO C36C001 ( C36CCODCON, C36CDESCRI, C36CABREVI, C36CORIGEN ) VALUES (
'PALP', 'PALETS DE ENTRADA POR TIPO PRODUCTO     ', 'PALE E TP ', 'TPRO');
INSERT INTO C36C001 ( C36CCODCON, C36CDESCRI, C36CABREVI, C36CORIGEN ) VALUES (
'PALS', 'PALETS DE SALIDA                        ', 'PALETS    ', 'PALS');
INSERT INTO C36C001 ( C36CCODCON, C36CDESCRI, C36CABREVI, C36CORIGEN ) VALUES (
'PAPS', 'PALETS DE SALIDA POR TIPO PRODUCTO      ', 'PALE S TP ', 'TPRS');
INSERT INTO C36C001 ( C36CCODCON, C36CDESCRI, C36CABREVI, C36CORIGEN ) VALUES (
'DIAP', 'DIAS ESTANCIA PALET                     ', 'DIAS PALET', 'DIAP');
INSERT INTO C36C001 ( C36CCODCON, C36CDESCRI, C36CABREVI, C36CORIGEN ) VALUES (
'OCUP', 'OCUPACIONES PERIODO                     ', 'OCUP      ', 'OCUP');
INSERT INTO C36C001 ( C36CCODCON, C36CDESCRI, C36CABREVI, C36CORIGEN ) VALUES (
'DOCU', 'DOCUMENTOS ENTRADA / SALIDA             ', 'DOCU      ', 'DOCU');
INSERT INTO C36C001 ( C36CCODCON, C36CDESCRI, C36CABREVI, C36CORIGEN ) VALUES (
'MOVI', 'MOVIMIENTOS DE ALMACÉN                  ', 'MOVI      ', 'MOVI');
INSERT INTO C36C001 ( C36CCODCON, C36CDESCRI, C36CABREVI, C36CORIGEN ) VALUES (
'MANU', 'MOVIMIENTOS MANUALES                    ', 'MANUAL    ', 'MANU');
INSERT INTO C36C001 ( C36CCODCON, C36CDESCRI, C36CABREVI, C36CORIGEN ) VALUES (
'DIRE', 'CONCEPTOS DIRECTOS                      ', 'DIRECTOS  ', 'DIRE');

INSERT INTO C38C001 ( C38CCODCON, C38CDESCRI, C38CABREVI, C38CDIRECT ) VALUES (
'OCUT', 'TOTAL OCUPACIONES PERIODO               ', 'TOTAL     ', 'S');
INSERT INTO C38C001 ( C38CCODCON, C38CDESCRI, C38CABREVI, C38CDIRECT ) VALUES (
'OCUP', 'TOTAL OCUPACIONES PALET COMPLETO        ', 'PALETS    ', 'S');
INSERT INTO C38C001 ( C38CCODCON, C38CDESCRI, C38CABREVI, C38CDIRECT ) VALUES (
'OCUC', 'TOTAL OCUPACIONES CAJAS COMPLETAS       ', 'CAJAS     ', 'S');
INSERT INTO C38C001 ( C38CCODCON, C38CDESCRI, C38CABREVI, C38CDIRECT ) VALUES (
'OCUG', 'TOTAL OCUPACIONES AGRUPACIONES          ', 'GRUPOS    ', 'S');
INSERT INTO C38C001 ( C38CCODCON, C38CDESCRI, C38CABREVI, C38CDIRECT ) VALUES (
'OCUU', 'TOTAL OCUPACIONES DE PICKING            ', 'PICKING   ', 'S');

INSERT INTO C38C001 ( C38CCODCON, C38CDESCRI, C38CABREVI, C38CDIRECT ) VALUES (
'UBIT', 'TOTAL UBICACIONES PERIODO               ', 'TOTAL     ', 'S');
INSERT INTO C38C001 ( C38CCODCON, C38CDESCRI, C38CABREVI, C38CDIRECT ) VALUES (
'UBIP', 'TOTAL UBICACIONES PALET COMPLETO        ', 'PALETS     ', 'S');
INSERT INTO C38C001 ( C38CCODCON, C38CDESCRI, C38CABREVI, C38CDIRECT ) VALUES (
'UBIC', 'TOTAL UBICACIONES CAJAS COMPLETAS       ', 'CAJAS     ', 'S');
INSERT INTO C38C001 ( C38CCODCON, C38CDESCRI, C38CABREVI, C38CDIRECT ) VALUES (
'UBIG', 'TOTAL OCUPACIONES AGRUPACIONES          ', 'GRUPOS    ', 'S');
INSERT INTO C38C001 ( C38CCODCON, C38CDESCRI, C38CABREVI, C38CDIRECT ) VALUES (
'UBIU', 'TOTAL UBICACIONES DE PICKING            ', 'PICKING   ', 'S');

INSERT INTO C38C001 ( C38CCODCON, C38CDESCRI, C38CABREVI, C38CDIRECT ) VALUES (
'MEOT', 'MEDIA OCUPACIONES PERIODO               ', 'TOTAL     ', 'N');
INSERT INTO C38C001 ( C38CCODCON, C38CDESCRI, C38CABREVI, C38CDIRECT ) VALUES (
'MEOP', 'MEDIA OCUPACIONES PALET COMPLETO        ', 'PALETS    ', 'N');
INSERT INTO C38C001 ( C38CCODCON, C38CDESCRI, C38CABREVI, C38CDIRECT ) VALUES (
'MEOC', 'MEDIA OCUPACIONES CAJAS COMPLETAS       ', 'CAJAS     ', 'N');
INSERT INTO C38C001 ( C38CCODCON, C38CDESCRI, C38CABREVI, C38CDIRECT ) VALUES (
'MEOG', 'MEDIA OCUPACIONES AGRUPACIONES          ', 'GRUPOS    ', 'N');
INSERT INTO C38C001 ( C38CCODCON, C38CDESCRI, C38CABREVI, C38CDIRECT ) VALUES (
'MEOU', 'MEDIA OCUPACIONES DE PICKING            ', 'PICKING   ', 'N');

INSERT INTO C38C001 ( C38CCODCON, C38CDESCRI, C38CABREVI, C38CDIRECT ) VALUES (
'MIOT', 'MINIMO OCUPACIONES PERIODO              ', 'TOTAL     ', 'N');
INSERT INTO C38C001 ( C38CCODCON, C38CDESCRI, C38CABREVI, C38CDIRECT ) VALUES (
'MIOP', 'MINIMO OCUPACIONES PALET COMPLETO       ', 'PALETS    ', 'N');
INSERT INTO C38C001 ( C38CCODCON, C38CDESCRI, C38CABREVI, C38CDIRECT ) VALUES (
'MIOC', 'MINIMO OCUPACIONES CAJAS COMPLETAS      ', 'CAJAS     ', 'N');
INSERT INTO C38C001 ( C38CCODCON, C38CDESCRI, C38CABREVI, C38CDIRECT ) VALUES (
'MIOG', 'MINIMO OCUPACIONES AGRUPACIONES         ', 'GRUPOS    ', 'N');
INSERT INTO C38C001 ( C38CCODCON, C38CDESCRI, C38CABREVI, C38CDIRECT ) VALUES (
'MIOU', 'MINIMO OCUPACIONES DE PICKING           ', 'PICKING   ', 'N');

INSERT INTO C38C001 ( C38CCODCON, C38CDESCRI, C38CABREVI, C38CDIRECT ) VALUES (
'MXOT', 'MAXIMO OCUPACIONES PERIODO              ', 'TOTAL     ', 'N');
INSERT INTO C38C001 ( C38CCODCON, C38CDESCRI, C38CABREVI, C38CDIRECT ) VALUES (
'MXOP', 'MAXIMO OCUPACIONES PALET COMPLETO       ', 'PALETS    ', 'N');
INSERT INTO C38C001 ( C38CCODCON, C38CDESCRI, C38CABREVI, C38CDIRECT ) VALUES (
'MXOC', 'MAXIMO OCUPACIONES CAJAS COMPLETAS      ', 'CAJAS     ', 'N');
INSERT INTO C38C001 ( C38CCODCON, C38CDESCRI, C38CABREVI, C38CDIRECT ) VALUES (
'MXOG', 'MAXIMO OCUPACIONES AGRUPACIONES         ', 'GRUPOS    ', 'N');
INSERT INTO C38C001 ( C38CCODCON, C38CDESCRI, C38CABREVI, C38CDIRECT ) VALUES (
'MXOU', 'MAXIMO OCUPACIONES DE PICKING           ', 'PICKING   ', 'N');

INSERT INTO C38C001 ( C38CCODCON, C38CDESCRI, C38CABREVI, C38CDIRECT ) VALUES (
'MEUT', 'MEDIA UBICACIONES PERIODO               ', 'TOTAL     ', 'N');
INSERT INTO C38C001 ( C38CCODCON, C38CDESCRI, C38CABREVI, C38CDIRECT ) VALUES (
'MEUP', 'MEDIA UBICACIONES PALET COMPLETO        ', 'PALETS    ', 'N');
INSERT INTO C38C001 ( C38CCODCON, C38CDESCRI, C38CABREVI, C38CDIRECT ) VALUES (
'MEUC', 'MEDIA UBICACIONES CAJAS COMPLETAS       ', 'CAJAS     ', 'N');
INSERT INTO C38C001 ( C38CCODCON, C38CDESCRI, C38CABREVI, C38CDIRECT ) VALUES (
'MEUG', 'MEDIA UBICACIONES AGRUPACIONES          ', 'GRUPOS    ', 'N');
INSERT INTO C38C001 ( C38CCODCON, C38CDESCRI, C38CABREVI, C38CDIRECT ) VALUES (
'MEUU', 'MEDIA UBICACIONES DE PICKING            ', 'PICKING   ', 'N');

INSERT INTO C38C001 ( C38CCODCON, C38CDESCRI, C38CABREVI, C38CDIRECT ) VALUES (
'MIUT', 'MINIMO UBICACIONES PERIODO              ', 'TOTAL     ', 'N');
INSERT INTO C38C001 ( C38CCODCON, C38CDESCRI, C38CABREVI, C38CDIRECT ) VALUES (
'MIUP', 'MINIMO UBICACIONES PALET COMPLETO       ', 'PALETS    ', 'N');
INSERT INTO C38C001 ( C38CCODCON, C38CDESCRI, C38CABREVI, C38CDIRECT ) VALUES (
'MIUC', 'MINIMO UBICACIONES CAJAS COMPLETAS      ', 'CAJAS     ', 'N');
INSERT INTO C38C001 ( C38CCODCON, C38CDESCRI, C38CABREVI, C38CDIRECT ) VALUES (
'MIUG', 'MINIMO UBICACIONES AGRUPACIONES         ', 'GRUPOS    ', 'N');
INSERT INTO C38C001 ( C38CCODCON, C38CDESCRI, C38CABREVI, C38CDIRECT ) VALUES (
'MIUU', 'MINIMO UBICACIONES DE PICKING           ', 'PICKING   ', 'N');

INSERT INTO C38C001 ( C38CCODCON, C38CDESCRI, C38CABREVI, C38CDIRECT ) VALUES (
'MXUT', 'MAXIMO UBICACIONES PERIODO              ', 'TOTAL     ', 'N');
INSERT INTO C38C001 ( C38CCODCON, C38CDESCRI, C38CABREVI, C38CDIRECT ) VALUES (
'MXUP', 'MAXIMO UBICACIONES PALET COMPLETO       ', 'PALETS    ', 'N');
INSERT INTO C38C001 ( C38CCODCON, C38CDESCRI, C38CABREVI, C38CDIRECT ) VALUES (
'MXUC', 'MAXIMO UBICACIONES CAJAS COMPLETAS      ', 'CAJAS     ', 'N');
INSERT INTO C38C001 ( C38CCODCON, C38CDESCRI, C38CABREVI, C38CDIRECT ) VALUES (
'MXUG', 'MAXIMO UBICACIONES AGRUPACIONES         ', 'GRUPOS    ', 'N');
INSERT INTO C38C001 ( C38CCODCON, C38CDESCRI, C38CABREVI, C38CDIRECT ) VALUES (
'MXUU', 'MAXIMO UBICACIONES DE PICKING           ', 'PICKING   ', 'N');

INSERT INTO C38D001 ( C38DCODCON, C38DDESCRI, C38DABREVI, C38DENTSAL, C38DTIPCON )
VALUES ('ALBE', 'ALBARANES DE ENTRADA                    ', 'ALBENT    ', 'E', 'C');
INSERT INTO C38D001 ( C38DCODCON, C38DDESCRI, C38DABREVI, C38DENTSAL, C38DTIPCON )
VALUES ('ALBS', 'ALBARANES DE SALIDA                     ', 'ALBSAL    ', 'S', 'C');
INSERT INTO C38D001 ( C38DCODCON, C38DDESCRI, C38DABREVI, C38DENTSAL, C38DTIPCON )
VALUES ('DOCE', 'DOCUMENTOS DE ENTRADA                   ', 'DOCENT    ', 'E', 'C');
INSERT INTO C38D001 ( C38DCODCON, C38DDESCRI, C38DABREVI, C38DENTSAL, C38DTIPCON )
VALUES ('DOCS', 'DOCUMENTOS DE SALIDA                    ', 'DOCSAL    ', 'S', 'C');
INSERT INTO C38D001 ( C38DCODCON, C38DDESCRI, C38DABREVI, C38DENTSAL, C38DTIPCON )
VALUES ('LINE', 'LINEAS DE ENTRADA                       ', 'LINENT    ', 'E', 'C');
INSERT INTO C38D001 ( C38DCODCON, C38DDESCRI, C38DABREVI, C38DENTSAL, C38DTIPCON )
VALUES ('LINS', 'LINEAS DE SALIDA                        ', 'LINSAL    ', 'S', 'C');

INSERT INTO C38E001 ( C38ECODCON, C38EDESCRI, C38EABREVI ) VALUES (
'E   ', 'ENTRADA MANUAL                          ', 'ENTRADA   ');
INSERT INTO C38E001 ( C38ECODCON, C38EDESCRI, C38EABREVI ) VALUES (
'S   ', 'SALIDA MANUAL                           ', 'SALIDA    ');
INSERT INTO C38E001 ( C38ECODCON, C38EDESCRI, C38EABREVI ) VALUES (
'C   ', 'MOVIMIENTOS DE CONTROL DE CALIDAD       ', 'CCAL      ');
INSERT INTO C38E001 ( C38ECODCON, C38EDESCRI, C38EABREVI ) VALUES (
'I   ', 'MOVIMIENTOS INTERNOS                    ', 'INTERNOS  ');
INSERT INTO C38E001 ( C38ECODCON, C38EDESCRI, C38EABREVI ) VALUES (
'V   ', 'REGULARIZACIONES DE INVENTARIO          ', 'INVENTARIO');
INSERT INTO C38E001 ( C38ECODCON, C38EDESCRI, C38EABREVI ) VALUES (
'R   ', 'REPOSICIONES DE MATERIAL                ', 'REPOS     ');
INSERT INTO C38E001 ( C38ECODCON, C38EDESCRI, C38EABREVI ) VALUES (
'P   ', 'MOVIMIENTOS DE PREPARACION              ', 'PREP      ');
INSERT INTO C38E001 ( C38ECODCON, C38EDESCRI, C38EABREVI ) VALUES (
'X   ', 'MOVIMIENTOS DE EXPEDICION               ', 'EXPED     ');

INSERT INTO F46C001 ( 	F46CCODIGO, F46CDESCRI, F46CABREVI, F46CALTSOP, F46CANCSOP,
 F46CPRFSOP, F46CPESSOP, F46CPESMAX, F46CPCTUTI ) VALUES ( 'MSTD',
'SOPORTE STANDARD', 'STANDARD', 0, 0, 0, 0, 0, 100);

INSERT INTO F99A001 (F99ACODNUM, F99ADESCRI, F99AABREVI, F99AMINVAL, F99AMAXVAL,
 F99AINCVAL,F99ACURVAL, F99ACYCLE, F99AORDER, F99ACACHE, F99AVALUE) VALUES (
'NENT', 'NUMERADOR DE ENTRADAS                   ', 'ENTRADAS  ',
 1, 9999999999, 1, 1, 'Y', 'Y', 'D', 1);
INSERT INTO F99A001 (F99ACODNUM, F99ADESCRI, F99AABREVI, F99AMINVAL, F99AMAXVAL,
 F99AINCVAL,F99ACURVAL, F99ACYCLE, F99AORDER, F99ACACHE, F99AVALUE ) VALUES (
'NFAC', 'NUMERADOR DE FACTURAS                   ', 'FACTURAS  ',
 1, 9999999999, 1, 1, 'Y', 'Y', 'D', 1);
INSERT INTO F99A001 (F99ACODNUM, F99ADESCRI, F99AABREVI, F99AMINVAL, F99AMAXVAL,
 F99AINCVAL,F99ACURVAL, F99ACYCLE, F99AORDER, F99ACACHE, F99AVALUE) VALUES (
'NHRU', 'HOJAS DE RUTA                           ', 'H. R.     ',
 1, 9999999999, 1, 1, 'Y', 'Y', 'D', 1);
INSERT INTO F99A001 (F99ACODNUM, F99ADESCRI, F99AABREVI, F99AMINVAL, F99AMAXVAL,
 F99AINCVAL,F99ACURVAL, F99ACYCLE, F99AORDER, F99ACACHE, F99AVALUE ) VALUES (
'NINV', 'Nº DE INVENTARIO                        ', 'INVENT    ',
 1, 9999999999, 1, 1, 'Y', 'Y', 'D', 1);
INSERT INTO F99A001 (F99ACODNUM, F99ADESCRI, F99AABREVI, F99AMINVAL, F99AMAXVAL,
 F99AINCVAL,F99ACURVAL, F99ACYCLE, F99AORDER, F99ACACHE, F99AVALUE ) VALUES (
'NLST', 'LISTAS DE PREPARACION                   ', 'LISTAS P  ',
 1, 9999999999, 1, 1, 'Y', 'Y', 'D', 1);
INSERT INTO F99A001 (F99ACODNUM, F99ADESCRI, F99AABREVI, F99AMINVAL, F99AMAXVAL,
 F99AINCVAL,F99ACURVAL, F99ACYCLE, F99AORDER, F99ACACHE, F99AVALUE ) VALUES (
'NMAC', 'NUMEROS DE MAC                          ', 'MACS      ',
 1, 9999999999, 1, 1, 'Y', 'Y', 'D', 1);
INSERT INTO F99A001 (F99ACODNUM, F99ADESCRI, F99AABREVI, F99AMINVAL, F99AMAXVAL,
 F99AINCVAL,F99ACURVAL, F99ACYCLE, F99AORDER, F99ACACHE, F99AVALUE ) VALUES (
'NMHM', 'HISTORICO DE MOVIMIENTOS                ', 'MVTOS.    ',
 1, 9999999999, 1, 1, 'Y', 'Y', 'D', 1);
INSERT INTO F99A001 (F99ACODNUM, F99ADESCRI, F99AABREVI, F99AMINVAL, F99AMAXVAL,
 F99AINCVAL,F99ACURVAL, F99ACYCLE, F99AORDER, F99ACACHE, F99AVALUE ) VALUES (
'NMMP', 'NUMERACION MPS                          ', 'MPS       ',
 1, 9999999999, 1, 1, 'Y', 'Y', 'D', 1);
INSERT INTO F99A001 (F99ACODNUM, F99ADESCRI, F99AABREVI, F99AMINVAL, F99AMAXVAL,
F99AINCVAL,F99ACURVAL, F99ACYCLE, F99AORDER, F99ACACHE, F99AVALUE) VALUES (
'NMOV', 'NUMERADOR DE MOVIMIENTOS                ', 'MOVS      ',
 1, 9999999999, 1, 1, 'Y', 'Y', 'D', 1);
INSERT INTO F99A001 (F99ACODNUM, F99ADESCRI, F99AABREVI, F99AMINVAL, F99AMAXVAL,
 F99AINCVAL,F99ACURVAL, F99ACYCLE, F99AORDER, F99ACACHE, F99AVALUE ) VALUES (
'NPAL', 'NUMEROS DE PALET                        ', 'PALETS    ',
 1, 9999999999, 1, 1, 'Y', 'Y', 'D', 1);
INSERT INTO F99A001 (F99ACODNUM, F99ADESCRI, F99AABREVI, F99AMINVAL, F99AMAXVAL,
 F99AINCVAL,F99ACURVAL, F99ACYCLE, F99AORDER, F99ACACHE, F99AVALUE ) VALUES (
'NTRM', 'Numerador Traspaso Movimientos          ', 'Nº TRM    ',
 1, 9999999999, 1, 1, 'Y', 'Y', 'D', 1);
INSERT INTO F99A001 (F99ACODNUM, F99ADESCRI, F99AABREVI, F99AMINVAL, F99AMAXVAL,
 F99AINCVAL,F99ACURVAL, F99ACYCLE, F99AORDER, F99ACACHE, F99AVALUE) VALUES (
'NALB', 'NUMERADOR DE ALBARANES                  ', 'ALBARANES ',
 1, 9999999999, 1, 1, 'Y', 'Y', 'D', 1);
INSERT INTO F99A001 (F99ACODNUM, F99ADESCRI, F99AABREVI, F99AMINVAL, F99AMAXVAL,
 F99AINCVAL,F99ACURVAL, F99ACYCLE, F99AORDER, F99ACACHE, F99AVALUE ) VALUES (
'NDEV', 'DEVOLUCIONES CLIENTES                   ', 'DEV CLI   ',
1, 9999999999, 1, 1, 'Y', 'Y', 'D', 1);
INSERT INTO F99A001 (F99ACODNUM, F99ADESCRI, F99AABREVI, F99AMINVAL, F99AMAXVAL,
 F99AINCVAL,F99ACURVAL, F99ACYCLE, F99AORDER, F99ACACHE, F99AVALUE ) VALUES (
'NDOC', 'NUMERADOR DE DOCUMENTOS                 ', 'DOCUM     ',
1, 9999999999, 1, 1, 'Y', 'Y', 'D', 1);
INSERT INTO F99A001 (F99ACODNUM, F99ADESCRI, F99AABREVI, F99AMINVAL, F99AMAXVAL,
 F99AINCVAL,F99ACURVAL, F99ACYCLE, F99AORDER, F99ACACHE, F99AVALUE ) VALUES (
'NROW', 'IDENTIFICADOR UNICO DE REGISTRO         ', 'IDRECORD  ',
1, 9999999999, 1, 1, 'Y', 'Y', 'D', 1);
INSERT INTO F99A001 (F99ACODNUM, F99ADESCRI, F99AABREVI, F99AMINVAL, F99AMAXVAL,
 F99AINCVAL,F99ACURVAL, F99ACYCLE, F99AORDER, F99ACACHE, F99AVALUE ) VALUES (
'NMOC', 'IDENTIFICADOR UNICO DE OCUPACIONES      ', 'IDOC      ',
1, 9999999999, 1, 1, 'Y', 'Y', 'D', 1);
INSERT INTO F99A001 (F99ACODNUM, F99ADESCRI, F99AABREVI, F99AMINVAL, F99AMAXVAL,
 F99AINCVAL,F99ACURVAL, F99ACYCLE, F99AORDER, F99ACACHE, F99AVALUE ) VALUES (
'NDOC', 'NUMERADOR DE DOCUMENTOS                 ', 'DOCUM     ',
1, 9999999999, 1, 1, 'Y', 'Y', 'D', 1);
INSERT INTO F99A001 (F99ACODNUM, F99ADESCRI, F99AABREVI, F99AMINVAL, F99AMAXVAL,
 F99AINCVAL,F99ACURVAL, F99ACYCLE, F99AORDER, F99ACACHE, F99AVALUE ) VALUES (
'NPAR', 'NUMERADOR DE PARTES DE MONTAJE          ', 'PARTES    ',
1, 9999999999, 1, 1, 'Y', 'Y', 'D', 1);
INSERT INTO F99A001 (F99ACODNUM, F99ADESCRI, F99AABREVI, F99AMINVAL, F99AMAXVAL,
 F99AINCVAL,F99ACURVAL, F99ACYCLE, F99AORDER, F99ACACHE, F99AVALUE ) VALUES (
'NLCC', 'NUMERADOR DE LISTAS DE CARGA            ', 'LISTAS    ',
1, 9999999999, 1, 1, 'Y', 'Y', 'D', 1);

INSERT INTO F99I001 (F99ICODNUM, F99IDESCRI, F99IABREVI, F99IMINVAL, F99IMAXVAL,
 F99IINCVAL,F99ICURVAL, F99ICYCLE) VALUES (
'NENT', 'NUMERADOR DE ENTRADAS                   ', 'ENTRADAS  ',
 1, 9999999999, 1, 1, 'Y');
INSERT INTO F99I001 (F99ICODNUM, F99IDESCRI, F99IABREVI, F99IMINVAL, F99IMAXVAL,
 F99IINCVAL,F99ICURVAL, F99ICYCLE) VALUES (
'NFAC', 'NUMERADOR DE FACTURAS                   ', 'FACTURAS  ',
 1, 9999999999, 1, 1, 'Y');
INSERT INTO F99I001 (F99ICODNUM, F99IDESCRI, F99IABREVI, F99IMINVAL, F99IMAXVAL,
 F99IINCVAL,F99ICURVAL, F99ICYCLE) VALUES (
'NHRU', 'HOJAS DE RUTA                           ', 'H. R.     ',
 1, 9999999999, 1, 1, 'Y');
INSERT INTO F99I001 (F99ICODNUM, F99IDESCRI, F99IABREVI, F99IMINVAL, F99IMAXVAL,
 F99IINCVAL,F99ICURVAL, F99ICYCLE) VALUES (
'NINV', 'Nº DE INVENTARIO                        ', 'INVENT    ',
 1, 9999999999, 1, 1, 'Y');
INSERT INTO F99I001 (F99ICODNUM, F99IDESCRI, F99IABREVI, F99IMINVAL, F99IMAXVAL,
 F99IINCVAL,F99ICURVAL, F99ICYCLE) VALUES (
'NLST', 'LISTAS DE PREPARACION                   ', 'LISTAS P  ',
 1, 9999999999, 1, 1, 'Y');
INSERT INTO F99I001 (F99ICODNUM, F99IDESCRI, F99IABREVI, F99IMINVAL, F99IMAXVAL,
 F99IINCVAL,F99ICURVAL, F99ICYCLE) VALUES (
'NMAC', 'NUMEROS DE MAC                          ', 'MACS      ',
 1, 9999999999, 1, 1, 'Y');
INSERT INTO F99I001 (F99ICODNUM, F99IDESCRI, F99IABREVI, F99IMINVAL, F99IMAXVAL,
 F99IINCVAL,F99ICURVAL, F99ICYCLE) VALUES (
'NMHM', 'HISTORICO DE MOVIMIENTOS                ', 'MVTOS.    ',
 1, 9999999999, 1, 1, 'Y');
INSERT INTO F99I001 (F99ICODNUM, F99IDESCRI, F99IABREVI, F99IMINVAL, F99IMAXVAL,
 F99IINCVAL,F99ICURVAL, F99ICYCLE) VALUES (
'NMMP', 'NUMERACION MPS                          ', 'MPS       ',
 1, 9999999999, 1, 1, 'Y');
INSERT INTO F99I001 (F99ICODNUM, F99IDESCRI, F99IABREVI, F99IMINVAL, F99IMAXVAL,
F99IINCVAL,F99ICURVAL, F99ICYCLE) VALUES (
'NMOV', 'NUMERADOR DE MOVIMIENTOS                ', 'MOVS      ',
 1, 9999999999, 1, 1, 'Y');
INSERT INTO F99I001 (F99ICODNUM, F99IDESCRI, F99IABREVI, F99IMINVAL, F99IMAXVAL,
 F99IINCVAL,F99ICURVAL, F99ICYCLE) VALUES (
'NPAL', 'NUMEROS DE PALET                        ', 'PALETS    ',
 1, 9999999999, 1, 1, 'Y');
INSERT INTO F99I001 (F99ICODNUM, F99IDESCRI, F99IABREVI, F99IMINVAL, F99IMAXVAL,
 F99IINCVAL,F99ICURVAL, F99ICYCLE) VALUES (
'NTRM', 'Numerador Traspaso Movimientos          ', 'Nº TRM    ',
 1, 9999999999, 1, 1, 'Y');
INSERT INTO F99I001 (F99ICODNUM, F99IDESCRI, F99IABREVI, F99IMINVAL, F99IMAXVAL,
 F99IINCVAL,F99ICURVAL, F99ICYCLE) VALUES (
'NALB', 'NUMERADOR DE ALBARANES                  ', 'ALBARANES ',
 1, 9999999999, 1, 1, 'Y');
INSERT INTO F99I001 (F99ICODNUM, F99IDESCRI, F99IABREVI, F99IMINVAL, F99IMAXVAL,
 F99IINCVAL,F99ICURVAL, F99ICYCLE) VALUES (
'NDEV', 'DEVOLUCIONES CLIENTES                   ', 'DEV CLI   ',
1, 9999999999, 1, 1, 'Y');
INSERT INTO F99I001 (F99ICODNUM, F99IDESCRI, F99IABREVI, F99IMINVAL, F99IMAXVAL,
 F99IINCVAL,F99ICURVAL, F99ICYCLE) VALUES (
'NDOC', 'NUMERDOCR DE DOCUMENTOS                 ', 'DOCUM     ',
1, 9999999999, 1, 1, 'Y');
INSERT INTO F99I001 (F99ICODNUM, F99IDESCRI, F99IABREVI, F99IMINVAL, F99IMAXVAL,
 F99IINCVAL,F99ICURVAL, F99ICYCLE) VALUES (
'NROW', 'IDENTIFICADOR UNICO DE REGISTRO         ', 'IDRECORD  ',
1, 9999999999, 1, 1, 'Y');
INSERT INTO F99I001 (F99ICODNUM, F99IDESCRI, F99IABREVI, F99IMINVAL, F99IMAXVAL,
 F99IINCVAL,F99ICURVAL, F99ICYCLE) VALUES (
'NMOC', 'IDENTIFICADOR UNICO DE OCUPACIONES      ', 'IDOC      ',
1, 9999999999, 1, 1, 'Y');
INSERT INTO F99I001 (F99ICODNUM, F99IDESCRI, F99IABREVI, F99IMINVAL, F99IMAXVAL,
 F99IINCVAL,F99ICURVAL, F99ICYCLE) VALUES (
'NDOC', 'NUMERADOR DE DOCUMENTOS                 ', 'DOCUM     ',
1, 9999999999, 1, 1, 'Y');
INSERT INTO F99I001 (F99ICODNUM, F99IDESCRI, F99IABREVI, F99IMINVAL, F99IMAXVAL,
 F99IINCVAL,F99ICURVAL, F99ICYCLE) VALUES (
'NPAR', 'NUMERADOR DE PARTES DE MONTAJE          ', 'PARTES    ',
1, 9999999999, 1, 1, 'Y');
INSERT INTO F99I001 (F99ICODNUM, F99IDESCRI, F99IABREVI, F99IMINVAL, F99IMAXVAL,
 F99IINCVAL,F99ICURVAL, F99ICYCLE) VALUES (
'NLCC', 'NUMERADOR DE LISTAS DE CARGA            ', 'LISTAS    ',
1, 9999999999, 1, 1, 'Y');

INSERT INTO F06P001 ( F06PALIAS, F06PDESCRI, F06PABREVI, F06PMODO ) VALUES (
'CPS2000   ', 'AL CERRAR DOCUMENTOS DE SALIDA          ', 'CIERRE DS ', 'I');
INSERT INTO F06P001 ( F06PALIAS, F06PDESCRI, F06PABREVI, F06PMODO ) VALUES (
'PAL1000   ', 'AL PALETIZAR UNA ENTRADA                ', 'PAL ENT   ', 'I');

INSERT INTO F06T001 ( F06TALIAS, F06TDESCRI, F06TABREVI ) VALUES (
'_EMAC     ', 'ETIQUETA EXPEDICIÓN BULTO               ', 'EMAC      ');
INSERT INTO F06T001 ( F06TALIAS, F06TDESCRI, F06TABREVI ) VALUES (
'_EMACD    ', 'ETIQUETAS EXPEDICIÓN DOCUMENTO (BULTOS) ', 'EMACD     ');
INSERT INTO F06T001 ( F06TALIAS, F06TDESCRI, F06TABREVI ) VALUES (
'_ALBS     ', 'ALBARÁN DE SALIDA DOCUMENTO             ', 'ALBS      ');
INSERT INTO F06T001 ( F06TALIAS, F06TDESCRI, F06TABREVI ) VALUES (
'_EXDOC    ', 'ETIQUETA EXPEDICIÓN DOCUMENTO(DOCUMENTO)', 'EXDOC     ');
INSERT INTO F06T001 ( F06TALIAS, F06TDESCRI, F06TABREVI ) VALUES (
'_ETOCE    ', 'ETIQUETA OCUPACIÓN ENTRADAS (PALET)      ', 'ETOCE     ');
INSERT INTO F06T001 ( F06TALIAS, F06TDESCRI, F06TABREVI ) VALUES (
'_CNFCD    ', 'CONFIRMAR CARGA DOCUMENTO                ', 'CNFCD     ');

INSERT INTO F06R001 ( F06RPROCES, F06RTAREA, F06RACTIVO, F06RPRIORI, F06RMODO, F06RPARAMS ) VALUES (
'CPS2000   ', '_ALBS     ', 'S', 0, 'I', 'S');
INSERT INTO F06R001 ( F06RPROCES, F06RTAREA, F06RACTIVO, F06RPRIORI, F06RMODO, F06RPARAMS ) VALUES (
'CPS2000   ', '_EMACD    ', 'S', 0, 'I', 'S');
INSERT INTO F06R001 ( F06RPROCES, F06RTAREA, F06RACTIVO, F06RPRIORI, F06RMODO, F06RPARAMS ) VALUES (
'CPS2000   ', '_CNFCD    ', 'S', 0, 'I', 'N');
INSERT INTO F06R001 ( F06RPROCES, F06RTAREA, F06RACTIVO, F06RPRIORI, F06RMODO, F06RPARAMS ) VALUES (
'PAL1000   ', '_ETOCE    ', 'S', 0, 'I', 'S');

INSERT INTO F06S001 ( F06SPROCES, F06STAREA, F06SNAME, F06SDESCRI, F06SVALUE ) VALUES (
'CPS2000   ', '_ALBS     ', 'COPIAS    ', 'NÚMERO DE COPIAS             ', '1                             ');
INSERT INTO F06S001 ( F06SPROCES, F06STAREA, F06SNAME, F06SDESCRI, F06SVALUE ) VALUES (
'CPS2000   ', '_ALBS     ', 'REPORT    ', 'FORMATO DE SALIDA            ', 'SALIALBCL1                    ');
INSERT INTO F06S001 ( F06SPROCES, F06STAREA, F06SNAME, F06SDESCRI, F06SVALUE ) VALUES (
'CPS2000   ', '_ALBS     ', 'PRGSOURCE ', 'MÓDULO FUENTE                ', 'SALIALBCNEW                   ');
INSERT INTO F06S001 ( F06SPROCES, F06STAREA, F06SNAME, F06SDESCRI, F06SVALUE ) VALUES (
'CPS2000   ', '_ALBS     ', 'PRGGENALB ', 'FUNCIÓN GENERACIÓN DATOS     ', 'GENALBCLI                     ');
INSERT INTO F06S001 ( F06SPROCES, F06STAREA, F06SNAME, F06SDESCRI, F06SVALUE ) VALUES (
'CPS2000   ', '_ALBS     ', 'PRGPRTALB ', 'FUNCIÓN IMPRESIÓN DATOS      ', 'PRTALBCLIB                    ');

INSERT INTO F06S001 ( F06SPROCES, F06STAREA, F06SNAME, F06SDESCRI, F06SVALUE ) VALUES (
'CPS2000   ', '_EMACD    ', 'ORIGEN    ', 'ORIGEN DE DATOS              ', 'LS                            ');
INSERT INTO F06S001 ( F06SPROCES, F06STAREA, F06SNAME, F06SDESCRI, F06SVALUE ) VALUES (
'CPS2000   ', '_EMACD    ', 'FORMATO   ', 'FORMATO DE ETIQUETAS         ', 'EMAC                          ');
INSERT INTO F06S001 ( F06SPROCES, F06STAREA, F06SNAME, F06SDESCRI, F06SVALUE ) VALUES (
'CPS2000   ', '_EMACD    ', 'COPIAS    ', 'NÚMERO DE ETIQUETAS          ', '1                             ');

INSERT INTO F06S001 ( F06SPROCES, F06STAREA, F06SNAME, F06SDESCRI, F06SVALUE ) VALUES (
'PAL1000   ', '_ETOCE    ', 'ORIGEN    ', 'ORIGEN DE DATOS              ', 'OC                            ');
INSERT INTO F06S001 ( F06SPROCES, F06STAREA, F06SNAME, F06SDESCRI, F06SVALUE ) VALUES (
'PAL1000   ', '_ETOCE    ', 'FORMATO   ', 'FORMATO DE ETIQUETAS         ', 'ETOC                          ');
INSERT INTO F06S001 ( F06SPROCES, F06STAREA, F06SNAME, F06SDESCRI, F06SVALUE ) VALUES (
'PAL1000   ', '_ETOCE    ', 'COPIAS    ', 'NÚMERO DE ETIQUETAS          ', '1                             ');
INSERT INTO F06S001 ( F06SPROCES, F06STAREA, F06SNAME, F06SDESCRI, F06SVALUE ) VALUES (
'PAL1000   ', '_ETOCE    ', 'MODO      ', 'MODO RECORRIDO V/H           ', 'V                             ');

INSERT INTO F06X001 ( F06XPROCES, F06XNAME, F06XDESCRI, F06XABREVI ) VALUES (
'CPS2000   ', 'PROPIETARIO         ', 'CODIGO DE PROPIETARIO         ',  'PROP      ');
INSERT INTO F06X001 ( F06XPROCES, F06XNAME, F06XDESCRI, F06XABREVI ) VALUES (
'CPS2000   ', 'TIPODOCUMENTO       ', 'TIPO DE DOCUMENTO             ',  'TDOC      ');
INSERT INTO F06X001 ( F06XPROCES, F06XNAME, F06XDESCRI, F06XABREVI ) VALUES (
'CPS2000   ', 'DOCUMENTO           ', 'NUMERO DE DOCUMENTO           ',  'NDOC      ');

INSERT INTO F06X001 ( F06XPROCES, F06XNAME, F06XDESCRI, F06XABREVI ) VALUES (
'PAL1000   ', 'ENTRADA             ', 'ALBARÁN DE ENTRADA            ',  'NENT      ');
INSERT INTO F06X001 ( F06XPROCES, F06XNAME, F06XDESCRI, F06XABREVI ) VALUES (
'PAL1000   ', 'IDOCUPACION         ', 'IDENTIFICADOR OCUPACIÓN       ',  'IDOCUP    ');

INSERT INTO F91C001 ( F91CCODCON, F91CDESCRI, F91CABREVI ) VALUES (
'S/C', 'Por Defecto', 'S/C');

INSERT INTO F91T001 ( F91TCODCON, F91TDESCRI, F91TABREVI ) VALUES (
'S/C', 'Por Defecto', 'S/C');

